TQI_ITT,JACS 2.0,LEV_1,LEV_2,LEV_3
0,A000,1,01,001
0,A100,1,01,001
0,A200,1,01,002
0,A300,1,01,001
0,A400,1,01,002
0,A900,1,01,001
0,A990,1,01,001
0,B000,2,04,011
0,B100,2,02,003
0,B110,2,02,003
0,B120,2,02,003
0,B130,2,02,003
0,B131,2,02,003
0,B132,2,02,003
0,B140,2,02,003
0,B160,2,02,003
0,B190,2,02,003
0,B200,2,02,004
0,B210,2,02,004
0,B220,2,02,004
0,B230,2,02,004
0,B290,2,02,004
0,B300,2,04,006
0,B310,2,04,006
0,B320,2,04,006
0,B330,2,04,006
0,B340,2,04,006
0,B341,2,04,006
0,B342,2,04,006
0,B343,2,04,006
0,B344,2,04,006
0,B345,2,04,006
0,B346,2,04,006
0,B390,2,04,006
0,B400,2,04,007
0,B410,2,04,007
0,B490,2,04,007
0,B500,2,04,008
0,B510,2,04,008
0,B520,2,04,008
0,B590,2,04,008
0,B600,2,04,009
0,B610,2,04,009
0,B620,2,04,009
0,B630,2,04,009
0,B690,2,04,009
0,B700,2,03,005
0,B701,2,03,005
0,B710,2,03,005
0,B711,2,03,005
0,B712,2,03,005
0,B713,2,03,005
0,B714,2,03,005
0,B720,2,03,005
0,B730,2,03,005
0,B740,2,03,005
0,B741,2,03,005
0,B750,2,03,005
0,B760,2,03,005
0,B761,2,03,005
0,B770,2,03,005
0,B771,2,03,005
0,B780,2,03,005
0,B790,2,03,005
0,B800,2,04,010
0,B810,2,04,010
0,B820,2,04,010
0,B821,2,04,010
0,B822,2,04,010
0,B830,2,04,010
0,B840,2,04,010
0,B850,2,04,010
0,B890,2,04,010
0,B900,2,04,011
0,B910,2,04,011
0,B920,2,04,011
0,B930,2,04,011
0,B940,2,04,011
0,B990,2,04,011
0,C000,3,05,017
0,C100,3,05,012
0,C110,3,05,012
0,C111,3,05,012
0,C120,3,05,012
0,C130,3,05,012
0,C131,3,05,012
0,C140,3,05,012
0,C141,3,05,012
0,C142,3,05,012
0,C150,3,05,012
0,C160,3,05,012
0,C161,3,05,012
0,C162,3,05,012
0,C170,3,05,012
0,C180,3,05,012
0,C181,3,05,012
0,C182,3,05,012
0,C190,3,05,012
0,C191,3,05,012
0,C200,3,05,017
0,C210,3,05,017
0,C220,3,05,017
0,C240,3,05,017
0,C250,3,05,017
0,C290,3,05,017
0,C300,3,05,013
0,C310,3,05,013
0,C320,3,05,013
0,C330,3,05,013
0,C340,3,05,013
0,C350,3,05,013
0,C360,3,05,013
0,C390,3,05,013
0,C400,3,05,014
0,C410,3,05,014
0,C420,3,05,014
0,C430,3,05,014
0,C431,3,05,014
0,C432,3,05,014
0,C440,3,05,014
0,C450,3,05,014
0,C460,3,05,014
0,C490,3,05,014
0,C500,3,05,015
0,C510,3,05,015
0,C520,3,05,015
0,C521,3,05,015
0,C522,3,05,015
0,C530,3,05,015
0,C540,3,05,015
0,C550,3,05,015
0,C570,3,05,015
0,C590,3,05,015
0,C600,3,06,018
0,C700,3,05,016
0,C710,3,05,016
0,C720,3,05,016
0,C730,3,05,016
0,C740,3,05,016
0,C741,3,05,016
0,C742,3,05,016
0,C750,3,05,016
0,C760,3,05,016
0,C770,3,05,016
0,C790,3,05,016
0,C800,3,07,019
0,C810,3,07,019
0,C811,3,07,019
0,C812,3,07,019
0,C813,3,07,019
0,C814,3,07,019
0,C815,3,07,019
0,C816,3,07,019
0,C820,3,07,019
0,C821,3,07,019
0,C822,3,07,019
0,C830,3,07,019
0,C831,3,07,019
0,C832,3,07,019
0,C833,3,07,019
0,C834,3,07,019
0,C835,3,07,019
0,C840,3,07,019
0,C841,3,07,019
0,C842,3,07,019
0,C843,3,07,019
0,C844,3,07,019
0,C845,3,07,019
0,C846,3,07,019
0,C847,3,07,019
0,C848,3,07,019
0,C850,3,07,019
0,C851,3,07,019
0,C852,3,07,019
0,C853,3,07,019
0,C854,3,07,019
0,C855,3,07,019
0,C856,3,07,019
0,C857,3,07,019
0,C858,3,07,019
0,C860,3,07,019
0,C861,3,07,019
0,C862,3,07,019
0,C863,3,07,019
0,C864,3,07,019
0,C865,3,07,019
0,C870,3,07,019
0,C871,3,07,019
0,C872,3,07,019
0,C873,3,07,019
0,C880,3,07,019
0,C881,3,07,019
0,C890,3,07,019
0,C900,3,05,017
0,C910,3,05,017
0,C990,3,05,017
0,D000,5,09,024
0,D100,4,08,020
0,D190,4,08,020
0,D200,4,08,020
0,D210,4,08,020
0,D220,4,08,020
0,D290,4,08,020
0,D300,5,09,021
0,D310,5,09,021
0,D320,5,09,021
0,D321,5,09,021
0,D322,5,09,021
0,D323,5,09,021
0,D324,5,09,021
0,D325,5,09,021
0,D326,5,09,021
0,D327,5,09,021
0,D328,5,09,021
0,D330,5,09,021
0,D340,5,09,021
0,D390,5,09,021
0,D400,5,09,024
0,D410,5,09,024
0,D411,5,09,024
0,D412,5,09,024
0,D413,5,09,024
0,D414,5,09,024
0,D415,5,09,024
0,D416,5,09,024
0,D417,5,09,024
0,D418,5,09,024
0,D420,5,09,024
0,D421,5,09,024
0,D422,5,09,024
0,D423,5,09,024
0,D424,5,09,024
0,D425,5,09,024
0,D430,5,09,024
0,D431,5,09,024
0,D432,5,09,024
0,D433,5,09,024
0,D434,5,09,024
0,D435,5,09,024
0,D440,5,09,024
0,D441,5,09,024
0,D442,5,09,024
0,D443,5,09,024
0,D444,5,09,024
0,D445,5,09,024
0,D446,5,09,024
0,D447,5,09,024
0,D450,5,09,024
0,D460,5,09,024
0,D461,5,09,024
0,D462,5,09,024
0,D463,5,09,024
0,D470,5,09,024
0,D471,5,09,024
0,D472,5,09,024
0,D490,5,09,024
0,D500,5,09,022
0,D510,5,09,022
0,D511,5,09,022
0,D512,5,09,022
0,D513,5,09,022
0,D514,5,09,022
0,D515,5,09,022
0,D516,5,09,022
0,D517,5,09,022
0,D520,5,09,022
0,D530,5,09,022
0,D540,5,09,022
0,D541,5,09,022
0,D590,5,09,022
0,D600,5,09,023
0,D610,5,09,023
0,D611,5,09,023
0,D612,5,09,023
0,D613,5,09,023
0,D614,5,09,023
0,D620,5,09,023
0,D630,5,09,023
0,D631,5,09,023
0,D632,5,09,023
0,D633,5,09,023
0,D634,5,09,023
0,D635,5,09,023
0,D640,5,09,023
0,D641,5,09,023
0,D642,5,09,023
0,D690,5,09,023
0,D700,5,09,024
0,D710,5,09,024
0,D711,5,09,024
0,D720,5,09,024
0,D721,5,09,024
0,D730,5,09,024
0,D740,5,09,024
0,D750,5,09,024
0,D790,5,09,024
0,D900,5,09,024
0,D990,5,09,024
0,F000,6,10,030
0,F100,6,10,025
0,F110,6,10,025
0,F111,6,10,025
0,F112,6,10,025
0,F120,6,10,025
0,F130,6,10,025
0,F131,6,10,025
0,F140,6,10,025
0,F141,6,10,025
0,F150,6,10,025
0,F151,6,10,025
0,F160,6,10,025
0,F161,6,10,025
0,F162,6,10,025
0,F163,6,10,025
0,F164,6,10,025
0,F165,6,10,025
0,F170,6,10,025
0,F180,6,10,025
0,F190,6,10,025
0,F200,6,10,030
0,F290,6,10,030
0,F300,6,10,026
0,F310,6,10,026
0,F311,6,10,026
0,F320,6,10,026
0,F321,6,10,026
0,F330,6,10,026
0,F331,6,10,026
0,F332,6,10,026
0,F340,6,10,026
0,F341,6,10,026
0,F342,6,10,026
0,F343,6,10,026
0,F350,6,10,026
0,F351,6,10,026
0,F360,6,10,026
0,F361,6,10,026
0,F370,6,10,026
0,F380,6,10,026
0,F390,6,10,026
0,F400,6,10,027
0,F410,6,10,027
0,F420,6,10,027
0,F490,6,10,027
0,F500,6,10,026
0,F510,6,10,026
0,F520,6,10,026
0,F521,6,10,026
0,F522,6,10,026
0,F590,6,10,026
0,F600,6,10,028
0,F610,6,10,028
0,F611,6,10,028
0,F612,6,10,028
0,F620,6,10,028
0,F621,6,10,028
0,F630,6,10,028
0,F631,6,10,028
0,F640,6,10,028
0,F641,6,10,028
0,F642,6,10,028
0,F643,6,10,028
0,F650,6,10,028
0,F660,6,10,028
0,F661,6,10,028
0,F670,6,10,028
0,F690,6,10,028
0,F700,6,10,029
0,F710,6,10,029
0,F720,6,10,029
0,F730,6,10,029
0,F750,L,11,031
0,F751,L,11,031
0,F752,L,11,031
0,F753,L,11,031
0,F760,L,11,031
0,F761,L,11,031
0,F770,L,11,031
0,F790,6,10,029
0,F800,L,11,031
0,F810,L,11,031
0,F811,L,11,031
0,F840,L,11,031
0,F841,L,11,031
0,F842,L,11,031
0,F843,L,11,031
0,F844,L,11,031
0,F845,L,11,031
0,F846,L,11,031
0,F890,L,11,031
0,F900,6,10,030
0,F990,6,10,030
0,G010,7,12,032
0,G020,8,13,035
0,G100,7,12,032
0,G110,7,12,032
0,G120,7,12,032
0,G121,7,12,032
0,G130,7,12,032
0,G140,7,12,032
0,G150,7,12,032
0,G160,7,12,032
0,G190,7,12,032
0,G200,7,12,033
0,G290,7,12,033
0,G300,7,12,032
0,G310,7,12,032
0,G311,7,12,032
0,G320,7,12,032
0,G330,7,12,032
0,G340,7,12,032
0,G350,7,12,032
0,G390,7,12,032
0,G400,8,13,035
0,G410,8,13,035
0,G411,8,13,035
0,G412,8,13,035
0,G420,8,13,035
0,G430,8,13,035
0,G440,8,13,035
0,G450,8,13,035
0,G490,8,13,035
0,G500,8,13,035
0,G510,8,13,035
0,G520,8,13,035
0,G530,8,13,035
0,G540,8,13,035
0,G550,8,13,035
0,G560,8,13,035
0,G590,8,13,035
0,G600,8,13,035
0,G610,8,13,035
0,G620,8,13,035
0,G621,8,13,035
0,G622,8,13,035
0,G623,8,13,035
0,G690,8,13,035
0,G700,8,13,035
0,G710,8,13,035
0,G720,8,13,035
0,G730,8,13,035
0,G740,8,13,035
0,G750,8,13,035
0,G760,8,13,035
0,G761,8,13,035
0,G790,8,13,035
0,G910,7,12,032
0,G920,8,13,035
0,H000,9,16,043
0,H100,9,14,036
0,H110,9,14,036
0,H120,9,14,036
0,H121,9,14,036
0,H122,9,14,036
0,H123,9,14,036
0,H130,9,14,036
0,H131,9,14,036
0,H140,9,14,036
0,H141,9,14,036
0,H142,9,14,036
0,H143,9,14,036
0,H150,9,14,036
0,H190,9,14,036
0,H200,9,16,041
0,H210,9,16,041
0,H220,9,16,041
0,H221,9,16,041
0,H222,9,16,041
0,H223,9,16,041
0,H230,9,16,041
0,H231,9,16,041
0,H232,9,16,041
0,H240,9,16,041
0,H241,9,16,041
0,H242,9,16,041
0,H250,9,16,041
0,H290,9,16,041
0,H300,9,14,037
0,H310,9,14,037
0,H311,9,14,037
0,H320,9,14,037
0,H321,9,14,037
0,H330,9,14,037
0,H331,9,14,037
0,H332,9,14,037
0,H333,9,14,037
0,H340,9,14,037
0,H341,9,14,037
0,H342,9,14,037
0,H350,9,14,037
0,H360,9,14,037
0,H390,9,14,037
0,H400,9,14,038
0,H410,9,14,038
0,H411,9,14,038
0,H412,9,14,038
0,H413,9,14,038
0,H420,9,14,038
0,H430,9,14,038
0,H440,9,14,038
0,H441,9,14,038
0,H450,9,14,038
0,H460,9,14,038
0,H490,9,14,038
0,H500,9,14,039
0,H510,9,14,039
0,H511,9,14,039
0,H512,9,14,039
0,H513,9,14,039
0,H514,9,14,039
0,H520,9,14,039
0,H521,9,14,039
0,H522,9,14,039
0,H523,9,14,039
0,H524,9,14,039
0,H590,9,14,039
0,H600,9,15,040
0,H610,9,15,040
0,H611,9,15,040
0,H612,9,15,040
0,H620,9,15,040
0,H630,9,15,040
0,H631,9,15,040
0,H632,9,15,040
0,H640,9,15,040
0,H641,9,15,040
0,H642,9,15,040
0,H643,9,15,040
0,H644,9,15,040
0,H650,9,15,040
0,H651,9,15,040
0,H652,9,15,040
0,H660,9,15,040
0,H661,9,15,040
0,H662,9,15,040
0,H670,9,15,040
0,H671,9,15,040
0,H672,9,15,040
0,H673,9,15,040
0,H674,9,15,040
0,H680,9,15,040
0,H690,9,15,040
0,H700,9,14,037
0,H710,9,14,037
0,H711,9,14,037
0,H712,9,14,037
0,H713,9,14,037
0,H714,9,14,037
0,H720,9,14,037
0,H730,9,14,037
0,H790,9,14,037
0,H800,9,16,042
0,H810,9,16,042
0,H811,9,16,042
0,H812,9,16,042
0,H820,9,16,042
0,H821,9,16,042
0,H830,9,16,042
0,H831,9,16,042
0,H840,9,16,042
0,H850,9,16,042
0,H890,9,16,042
0,H900,9,16,043
0,H990,9,16,043
0,J000,9,17,046
0,J100,9,17,044
0,J110,9,17,044
0,J120,9,17,044
0,J130,9,17,044
0,J140,9,17,044
0,J150,9,17,044
0,J160,9,17,044
0,J190,9,17,044
0,J200,9,17,044
0,J210,9,17,044
0,J220,9,17,044
0,J221,9,17,044
0,J230,9,17,044
0,J290,9,17,044
0,J300,9,17,044
0,J310,9,17,044
0,J320,9,17,044
0,J390,9,17,044
0,J400,9,17,044
0,J410,9,17,044
0,J411,9,17,044
0,J420,9,17,044
0,J421,9,17,044
0,J422,9,17,044
0,J430,9,17,044
0,J431,9,17,044
0,J440,9,17,044
0,J441,9,17,044
0,J442,9,17,044
0,J443,9,17,044
0,J444,9,17,044
0,J445,9,17,044
0,J490,9,17,044
0,J500,9,17,044
0,J510,9,17,044
0,J511,9,17,044
0,J512,9,17,044
0,J513,9,17,044
0,J520,9,17,044
0,J521,9,17,044
0,J522,9,17,044
0,J523,9,17,044
0,J524,9,17,044
0,J530,9,17,044
0,J590,9,17,044
0,J600,9,17,045
0,J610,9,17,045
0,J611,9,17,045
0,J612,9,17,045
0,J613,9,17,045
0,J614,9,17,045
0,J690,9,17,045
0,J700,9,17,046
0,J710,9,17,046
0,J720,9,17,046
0,J730,9,17,046
0,J740,9,17,046
0,J750,9,17,046
0,J790,9,17,046
0,J900,9,17,046
0,J910,9,17,046
0,J920,9,17,046
0,J930,9,17,046
0,J931,9,17,046
0,J940,9,17,046
0,J941,9,17,046
0,J942,9,17,046
0,J950,9,17,046
0,J960,9,17,046
0,J990,9,17,046
0,K000,A,18,051
0,K100,A,18,047
0,K110,A,18,047
0,K120,A,18,047
0,K130,A,18,047
0,K190,A,18,047
0,K200,A,18,048
0,K210,A,18,048
0,K220,A,18,048
0,K230,A,18,048
0,K240,A,18,048
0,K250,A,18,048
0,K290,A,18,048
0,K300,A,18,049
0,K310,A,18,049
0,K320,A,18,049
0,K390,A,18,049
0,K400,A,18,050
0,K410,A,18,050
0,K420,A,18,050
0,K421,A,18,050
0,K422,A,18,050
0,K430,A,18,050
0,K440,A,18,050
0,K450,A,18,050
0,K460,A,18,050
0,K490,A,18,050
0,K900,A,18,051
0,K990,A,18,051
0,L000,B,21,057
0,L100,B,19,052
0,L110,B,19,052
0,L111,B,19,052
0,L112,B,19,052
0,L113,B,19,052
0,L120,B,19,052
0,L130,B,19,052
0,L140,B,19,052
0,L150,B,19,052
0,L160,B,19,052
0,L170,B,19,052
0,L171,B,19,052
0,L172,B,19,052
0,L173,B,19,052
0,L174,B,19,052
0,L190,B,19,052
0,L200,B,20,053
0,L210,B,20,053
0,L211,B,20,053
0,L212,B,20,053
0,L213,B,20,053
0,L214,B,20,053
0,L215,B,20,053
0,L216,B,20,053
0,L217,B,20,053
0,L218,B,20,053
0,L220,B,20,053
0,L221,B,20,053
0,L222,B,20,053
0,L223,B,20,053
0,L224,B,20,053
0,L230,B,20,053
0,L231,B,20,053
0,L232,B,20,053
0,L240,B,20,053
0,L241,B,20,053
0,L242,B,20,053
0,L243,B,20,053
0,L244,B,20,053
0,L250,B,20,053
0,L251,B,20,053
0,L252,B,20,053
0,L260,B,20,053
0,L290,B,20,053
0,L300,B,21,054
0,L310,B,21,054
0,L320,B,21,054
0,L321,B,21,054
0,L322,B,21,054
0,L330,B,21,054
0,L340,B,21,054
0,L350,B,21,054
0,L360,B,21,054
0,L370,B,21,054
0,L371,B,21,054
0,L380,B,21,054
0,L390,B,21,054
0,L391,B,21,054
0,L400,B,21,055
0,L410,B,21,055
0,L420,B,21,055
0,L430,B,21,055
0,L431,B,21,055
0,L432,B,21,055
0,L433,B,21,055
0,L434,B,21,055
0,L435,B,21,055
0,L490,B,21,055
0,L500,B,22,058
0,L510,B,22,058
0,L520,B,22,058
0,L530,B,22,058
0,L540,B,22,058
0,L550,B,22,058
0,L560,B,22,058
0,L590,B,22,058
0,L600,B,21,056
0,L610,B,21,056
0,L620,B,21,056
0,L690,B,21,056
0,L700,L,23,059
0,L710,L,23,059
0,L711,L,23,059
0,L712,L,23,059
0,L713,L,23,059
0,L714,L,23,059
0,L715,L,23,059
0,L716,L,23,059
0,L720,L,23,059
0,L721,L,23,059
0,L722,L,23,059
0,L723,L,23,059
0,L724,L,23,059
0,L725,L,23,059
0,L726,L,23,059
0,L727,L,23,059
0,L790,L,23,059
0,L900,B,21,057
0,L990,B,21,057
0,M000,C,24,060
0,M100,C,24,060
0,M110,C,24,060
0,M111,C,24,060
0,M112,C,24,060
0,M113,C,24,060
0,M114,C,24,060
0,M120,C,24,060
0,M130,C,24,060
0,M140,C,24,060
0,M190,C,24,060
0,M200,C,24,060
0,M210,C,24,060
0,M211,C,24,060
0,M220,C,24,060
0,M221,C,24,060
0,M222,C,24,060
0,M223,C,24,060
0,M224,C,24,060
0,M240,C,24,060
0,M250,C,24,060
0,M260,C,24,060
0,M290,C,24,060
0,M900,C,24,060
0,M990,C,24,060
0,N000,D,28,068
0,N100,D,25,061
0,N110,D,25,061
0,N120,D,25,061
0,N190,D,25,061
0,N200,D,26,063
0,N210,D,26,063
0,N211,D,26,063
0,N212,D,26,063
0,N213,D,26,063
0,N214,D,26,063
0,N215,D,26,063
0,N220,D,26,063
0,N223,D,26,063
0,N224,D,26,063
0,N230,D,26,063
0,N231,D,26,063
0,N232,D,26,063
0,N234,D,26,063
0,N240,D,26,063
0,N290,D,26,063
0,N300,D,27,065
0,N310,D,27,065
0,N320,D,27,065
0,N321,D,27,065
0,N322,D,27,065
0,N323,D,27,065
0,N330,D,27,065
0,N340,D,27,065
0,N341,D,27,065
0,N390,D,27,065
0,N400,D,27,066
0,N410,D,27,066
0,N411,D,27,066
0,N412,D,27,066
0,N413,D,27,066
0,N420,D,27,066
0,N421,D,27,066
0,N422,D,27,066
0,N490,D,27,066
0,N500,D,25,062
0,N510,D,25,062
0,N520,D,25,062
0,N530,D,25,062
0,N550,D,25,062
0,N560,D,25,062
0,N561,D,25,062
0,N562,D,25,062
0,N563,D,25,062
0,N590,D,25,062
0,N600,D,26,064
0,N611,D,26,064
0,N612,D,26,064
0,N613,D,26,064
0,N614,D,26,064
0,N620,D,26,064
0,N690,D,26,064
0,N700,D,28,068
0,N710,D,28,068
0,N720,D,28,068
0,N721,D,28,068
0,N722,D,28,068
0,N790,D,28,068
0,N800,D,28,067
0,N810,D,28,067
0,N820,D,28,067
0,N830,D,28,067
0,N831,D,28,067
0,N832,D,28,067
0,N850,D,28,067
0,N851,D,28,067
0,N852,D,28,067
0,N853,D,28,067
0,N860,D,28,067
0,N861,D,28,067
0,N862,D,28,067
0,N870,D,28,067
0,N890,D,28,067
0,N900,D,28,068
0,N990,D,28,068
0,P000,E,30,074
0,P100,E,30,070
0,P110,E,30,070
0,P120,E,30,070
0,P121,E,30,070
0,P130,E,30,070
0,P131,E,30,070
0,P132,E,30,070
0,P190,E,30,070
0,P200,E,30,071
0,P210,E,30,071
0,P290,E,30,071
0,P300,E,29,069
0,P301,E,29,069
0,P302,E,29,069
0,P303,E,29,069
0,P304,E,29,069
0,P305,E,29,069
0,P310,E,29,069
0,P311,E,29,069
0,P312,E,29,069
0,P313,E,29,069
0,P390,E,29,069
0,P400,E,30,072
0,P410,E,30,072
0,P411,E,30,072
0,P412,E,30,072
0,P413,E,30,072
0,P420,E,30,072
0,P430,E,30,072
0,P490,E,30,072
0,P500,E,30,073
0,P510,E,30,073
0,P590,E,30,073
0,P900,E,30,074
0,P990,E,30,074
0,Q000,F,33,086
0,Q100,F,33,084
0,Q110,F,33,084
0,Q120,F,33,084
0,Q130,F,33,084
0,Q131,F,33,084
0,Q132,F,33,084
0,Q140,F,33,084
0,Q150,F,33,084
0,Q190,F,33,084
0,Q200,F,33,085
0,Q210,F,33,085
0,Q220,F,33,085
0,Q290,F,33,085
0,Q300,F,31,075
0,Q310,F,31,075
0,Q320,F,31,075
0,Q321,F,31,075
0,Q322,F,31,075
0,Q323,F,31,075
0,Q330,F,31,075
0,Q340,F,31,075
0,Q390,F,31,075
0,Q400,F,33,086
0,Q410,F,33,086
0,Q411,F,33,086
0,Q420,F,33,086
0,Q430,F,33,086
0,Q440,F,33,086
0,Q450,F,33,086
0,Q460,F,33,086
0,Q470,F,33,086
0,Q480,F,33,086
0,Q490,F,33,086
0,Q500,F,32,077
0,Q510,F,32,077
0,Q520,F,32,077
0,Q521,F,32,077
0,Q522,F,32,077
0,Q530,F,32,077
0,Q531,F,32,077
0,Q540,F,32,077
0,Q541,F,32,077
0,Q550,F,32,077
0,Q551,F,32,077
0,Q560,F,32,077
0,Q561,F,32,077
0,Q570,F,32,077
0,Q571,F,32,077
0,Q580,F,32,077
0,Q581,F,32,077
0,Q590,F,32,077
0,Q600,F,32,078
0,Q610,F,32,078
0,Q611,F,32,078
0,Q612,F,32,078
0,Q620,F,32,078
0,Q630,F,32,078
0,Q690,F,32,078
0,Q700,F,32,078
0,Q710,F,32,078
0,Q711,F,32,078
0,Q712,F,32,078
0,Q720,F,32,078
0,Q730,F,32,078
0,Q790,F,32,078
0,Q800,F,32,078
0,Q890,F,32,078
0,Q900,F,33,086
0,Q910,F,33,086
0,Q920,F,33,086
0,Q990,F,33,086
0,R000,F,32,083
0,R100,F,32,079
0,R110,F,32,079
0,R120,F,32,079
0,R130,F,32,079
0,R190,F,32,079
0,R200,F,32,080
0,R210,F,32,080
0,R220,F,32,080
0,R230,F,32,080
0,R290,F,32,080
0,R300,F,32,081
0,R310,F,32,081
0,R320,F,32,081
0,R330,F,32,081
0,R390,F,32,081
0,R400,F,32,082
0,R410,F,32,082
0,R411,F,32,082
0,R420,F,32,082
0,R430,F,32,082
0,R490,F,32,082
0,R500,F,32,082
0,R510,F,32,082
0,R511,F,32,082
0,R520,F,32,082
0,R530,F,32,082
0,R590,F,32,082
0,R600,F,32,080
0,R610,F,32,080
0,R611,F,32,080
0,R612,F,32,080
0,R613,F,32,080
0,R614,F,32,080
0,R620,F,32,080
0,R621,F,32,080
0,R622,F,32,080
0,R623,F,32,080
0,R624,F,32,080
0,R630,F,32,080
0,R631,F,32,080
0,R632,F,32,080
0,R633,F,32,080
0,R634,F,32,080
0,R690,F,32,080
0,R700,F,32,083
0,R710,F,32,083
0,R711,F,32,083
0,R712,F,32,083
0,R713,F,32,083
0,R720,F,32,083
0,R721,F,32,083
0,R722,F,32,083
0,R723,F,32,083
0,R730,F,32,083
0,R731,F,32,083
0,R732,F,32,083
0,R733,F,32,083
0,R790,F,32,083
0,R800,F,32,083
0,R900,F,32,083
0,R910,F,32,083
0,R911,F,32,083
0,R912,F,32,083
0,R920,F,32,083
0,R930,F,32,083
0,R990,F,32,083
0,T000,F,33,089
0,T100,F,33,087
0,T110,F,33,087
0,T120,F,33,087
0,T130,F,33,087
0,T190,F,33,087
0,T200,F,33,087
0,T210,F,33,087
0,T220,F,33,087
0,T230,F,33,087
0,T290,F,33,087
0,T300,F,33,087
0,T310,F,33,087
0,T320,F,33,087
0,T330,F,33,087
0,T390,F,33,087
0,T400,F,33,087
0,T410,F,33,087
0,T420,F,33,087
0,T430,F,33,087
0,T490,F,33,087
0,T500,F,33,088
0,T510,F,33,088
0,T520,F,33,088
0,T530,F,33,088
0,T590,F,33,088
0,T600,F,33,088
0,T610,F,33,088
0,T620,F,33,088
0,T630,F,33,088
0,T690,F,33,088
0,T700,F,31,076
0,T710,F,31,076
0,T711,F,31,076
0,T720,F,31,076
0,T721,F,31,076
0,T730,F,31,076
0,T731,F,31,076
0,T790,F,31,076
0,T800,F,31,076
0,T810,F,31,076
0,T820,F,31,076
0,T830,F,31,076
0,T890,F,31,076
0,T900,F,33,089
0,T910,F,33,089
0,T920,F,33,089
0,T930,F,33,089
0,T990,F,33,089
0,V000,G,34,092
0,V100,G,34,090
0,V110,G,34,090
0,V120,G,34,090
0,V130,G,34,090
0,V140,G,34,090
0,V141,G,34,090
0,V142,G,34,090
0,V143,G,34,090
0,V144,G,34,090
0,V145,G,34,090
0,V146,G,34,090
0,V147,G,34,090
0,V148,G,34,090
0,V190,G,34,090
0,V200,G,34,090
0,V210,G,34,090
0,V211,G,34,090
0,V212,G,34,090
0,V213,G,34,090
0,V214,G,34,090
0,V220,G,34,090
0,V221,G,34,090
0,V222,G,34,090
0,V223,G,34,090
0,V224,G,34,090
0,V225,G,34,090
0,V230,G,34,090
0,V231,G,34,090
0,V232,G,34,090
0,V233,G,34,090
0,V234,G,34,090
0,V240,G,34,090
0,V241,G,34,090
0,V242,G,34,090
0,V243,G,34,090
0,V250,G,34,090
0,V251,G,34,090
0,V252,G,34,090
0,V253,G,34,090
0,V254,G,34,090
0,V255,G,34,090
0,V260,G,34,090
0,V261,G,34,090
0,V262,G,34,090
0,V270,G,34,090
0,V271,G,34,090
0,V290,G,34,090
0,V300,G,34,090
0,V310,G,34,090
0,V320,G,34,090
0,V321,G,34,090
0,V322,G,34,090
0,V323,G,34,090
0,V330,G,34,090
0,V340,G,34,090
0,V350,G,34,090
0,V360,G,34,090
0,V370,G,34,090
0,V380,G,34,090
0,V381,G,34,090
0,V382,G,34,090
0,V383,G,34,090
0,V390,G,34,090
0,V391,G,34,090
0,V400,G,34,091
0,V410,G,34,091
0,V420,G,34,091
0,V430,G,34,091
0,V440,G,34,091
0,V450,G,34,091
0,V460,G,34,091
0,V490,G,34,091
0,V500,G,35,093
0,V510,G,35,093
0,V511,G,35,093
0,V520,G,35,093
0,V530,G,35,093
0,V540,G,35,093
0,V550,G,35,093
0,V560,G,35,093
0,V590,G,35,093
0,V600,G,35,094
0,V610,G,35,094
0,V620,G,35,094
0,V621,G,35,094
0,V622,G,35,094
0,V623,G,35,094
0,V624,G,35,094
0,V625,G,35,094
0,V626,G,35,094
0,V627,G,35,094
0,V630,G,35,094
0,V640,G,35,094
0,V641,G,35,094
0,V642,G,35,094
0,V643,G,35,094
0,V644,G,35,094
0,V645,G,35,094
0,V650,G,35,094
0,V690,G,35,094
0,V900,G,34,092
0,V990,G,34,092
0,W000,H,38,102
0,W100,H,36,095
0,W110,H,36,095
0,W120,H,36,095
0,W130,H,36,095
0,W140,H,36,095
0,W150,H,36,095
0,W160,H,36,095
0,W190,H,36,095
0,W200,H,36,096
0,W210,H,36,096
0,W211,H,36,096
0,W212,H,36,096
0,W213,H,36,096
0,W220,H,36,096
0,W230,H,36,096
0,W231,H,36,096
0,W240,H,36,096
0,W250,H,36,096
0,W260,H,36,096
0,W270,H,36,096
0,W280,H,36,096
0,W290,H,36,096
0,W300,H,37,097
0,W310,H,37,097
0,W330,H,37,097
0,W340,H,37,097
0,W350,H,37,097
0,W360,H,37,097
0,W390,H,37,097
0,W400,H,37,098
0,W410,H,37,098
0,W420,H,37,098
0,W430,H,37,098
0,W440,H,37,098
0,W450,H,37,098
0,W451,H,37,098
0,W452,H,37,098
0,W460,H,37,098
0,W461,H,37,098
0,W490,H,37,098
0,W500,H,37,099
0,W510,H,37,099
0,W520,H,37,099
0,W530,H,37,099
0,W540,H,37,099
0,W590,H,37,099
0,W600,H,38,100
0,W610,H,38,100
0,W611,H,38,100
0,W612,H,38,100
0,W613,H,38,100
0,W614,H,38,100
0,W615,H,38,100
0,W620,H,38,100
0,W630,H,38,100
0,W631,H,38,100
0,W632,H,38,100
0,W640,H,38,100
0,W690,H,38,100
0,W700,H,38,102
0,W710,H,38,102
0,W711,H,38,102
0,W712,H,38,102
0,W713,H,38,102
0,W714,H,38,102
0,W715,H,38,102
0,W720,H,38,102
0,W721,H,38,102
0,W722,H,38,102
0,W723,H,38,102
0,W730,H,38,102
0,W731,H,38,102
0,W732,H,38,102
0,W733,H,38,102
0,W734,H,38,102
0,W740,H,38,102
0,W750,H,38,102
0,W751,H,38,102
0,W752,H,38,102
0,W753,H,38,102
0,W760,H,38,102
0,W761,H,38,102
0,W762,H,38,102
0,W770,H,38,102
0,W771,H,38,102
0,W780,H,38,102
0,W781,H,38,102
0,W782,H,38,102
0,W790,H,38,102
0,W800,H,38,101
0,W810,H,38,101
0,W820,H,38,101
0,W830,H,38,101
0,W890,H,38,101
0,W900,H,38,102
0,W990,H,38,102
0,X000,I,40,106
0,X100,I,39,103
0,X110,I,39,103
0,X120,I,39,103
0,X121,I,39,103
0,X122,I,39,103
0,X130,I,39,103
0,X131,I,39,103
0,X132,I,39,103
0,X140,I,39,103
0,X141,I,39,103
0,X142,I,39,103
0,X150,I,39,103
0,X151,I,39,103
0,X160,I,39,103
0,X161,I,39,103
0,X162,I,39,103
0,X190,I,39,103
0,X200,I,40,104
0,X210,I,40,104
0,X220,I,40,104
0,X290,I,40,104
0,X300,I,40,105
0,X310,I,40,105
0,X320,I,40,105
0,X330,I,40,105
0,X340,I,40,105
0,X341,I,40,105
0,X342,I,40,105
0,X350,I,40,105
0,X360,I,40,105
0,X370,I,40,105
0,X390,I,40,105
0,X900,I,40,106
0,X990,I,40,106
0,Y000,J,41,107
1,,K,42,108
